-- CPFs used in this test were generated by the tool on website https://www.4devs.com.br/gerador_de_cpf
-- CEPs used in this test were generated by the tool on website https://www.4devs.com.br/gerador_de_cep

insert into "user" (id, created_at, updated_at, version, email, name, cpf, birthday_date, password) values (10, now(), now(), 0, 'test1@test.com', 'Test One', '05155638038', '1999-01-20', 'somepassword') ON CONFLICT DO NOTHING;
insert into "user" (id, created_at, updated_at, version, email, name, cpf, birthday_date, password) values (20, now(), now(), 0, 'test2@test.com', 'Test Two', '92158444061', '1999-08-18', 'somepassword') ON CONFLICT DO NOTHING;
insert into "user" (id, created_at, updated_at, version, email, name, cpf, birthday_date, password) values (30, now(), now(), 0, 'test3@test.com', 'Test Three', '59029991038', '1992-02-08', 'somepassword') ON CONFLICT DO NOTHING;
insert into "user" (id, created_at, updated_at, version, email, name, cpf, birthday_date, password) values (40, now(), now(), 0, 'test4@test.com', 'Test Four', '85387931010', '2006-05-26', 'somepassword') ON CONFLICT DO NOTHING;
insert into "user" (id, created_at, updated_at, version, email, name, cpf, birthday_date, password) values (50, now(), now(), 0, 'test5@test.com', 'Test Five', '80939033054', '1982-08-18', 'somepassword') ON CONFLICT DO NOTHING;
insert into "user" (id, created_at, updated_at, version, email, name, cpf, birthday_date, password) values (60, now(), now(), 0, 'test6@test.com', 'Test Six', '60936549076', '1995-01-01', 'somepassword') ON CONFLICT DO NOTHING;

insert into "address" (id, created_at, updated_at, version, cep, logradouro, property_number, complement) values (5, now(), now(), 0, '76804066', 'Rua Joaquim Nabuco', '10', null) ON CONFLICT DO NOTHING;
insert into "address" (id, created_at, updated_at, version, cep, logradouro, property_number, complement) values (6, now(), now(), 0, '64048190', 'Rua Tabelião José Basílio', '1', 'Test one') ON CONFLICT DO NOTHING;
insert into "address" (id, created_at, updated_at, version, cep, logradouro, property_number, complement) values (7, now(), now(), 0, '65050856', 'Rua B', 'AB1', null) ON CONFLICT DO NOTHING;
insert into "address" (id, created_at, updated_at, version, cep, logradouro, property_number, complement) values (8, now(), now(), 0, '65083514', 'Rua Valdir de Aquino', '3654', 'Test Two') ON CONFLICT DO NOTHING;
insert into "address" (id, created_at, updated_at, version, cep, logradouro, property_number, complement) values (9, now(), now(), 0, '69315659', 'Rua Antonio Ferreira de Souza', 'A31', 'Test Three') ON CONFLICT DO NOTHING;
insert into "address" (id, created_at, updated_at, version, cep, logradouro, property_number, complement) values (10, now(), now(), 0, '69099258', 'Rua Santa Cecília', 'C489', null) ON CONFLICT DO NOTHING;

insert into user_address (user_id, address_id) values (10, 5) ON CONFLICT DO NOTHING;
insert into user_address (user_id, address_id) values (20, 6) ON CONFLICT DO NOTHING;
insert into user_address (user_id, address_id) values (30, 7) ON CONFLICT DO NOTHING;
insert into user_address (user_id, address_id) values (40, 8) ON CONFLICT DO NOTHING;
insert into user_address (user_id, address_id) values (50, 9) ON CONFLICT DO NOTHING;
insert into user_address (user_id, address_id) values (60, 10) ON CONFLICT DO NOTHING;